"CNTRY_NAME,C,80","AREA,N,15,6","CAPNAME,C,80","CAPLONG,N,16,11","CAPLAT,N,15,11","FEATUREID,N,6,2","COWCODE,N,6,2","COWSYEAR,N,7,2","COWSMONTH,N,5,2","COWSDAY,N,5,2","COWEYEAR,N,7,2","COWEMONTH,N,5,2","COWEDAY,N,5,2","GWCODE,N,6,2","GWSYEAR,N,11,6","GWSMONTH,N,9,6","GWSDAY,N,9,6","GWEYEAR,N,11,6","GWEMONTH,N,9,6","GWEDAY,N,9,6","ISONAME,C,80","ISO1NUM,N,6,2","ISO1AL2,C,80","ISO1AL3,C,80","JSDATE,D","JEDATE,D","WIKIDATA,N,9,2"
"Guyana",211982.004988,"Georgetown",-58.16667000000,6.80000000000,0.00,110.00,1966.00,5.00,26.00,2012.00,6.00,30.00,110.00,1966.000000,5.000000,26.000000,2012.000000,6.000000,30.000000,"Guyana",328.00,"GY","GUY",1966-05-26,7999-12-31,0.00
"Suriname",145952.274029,"Paramaribo",-55.16667000000,5.83333300000,1.00,115.00,1975.00,11.00,25.00,2012.00,6.00,30.00,115.00,1975.000000,11.000000,25.000000,2012.000000,6.000000,30.000000,"Suriname",740.00,"SR","SUR",1975-11-25,7999-12-31,0.00
"Trinidad and Tobago",5041.728952,"Port-of-Spain",-61.51667000000,10.65000000000,2.00,52.00,1962.00,8.00,31.00,2012.00,6.00,30.00,52.00,1962.000000,8.000000,31.000000,2012.000000,6.000000,30.000000,"Trinidad and Tobago",780.00,"TT","TTO",1962-08-31,7999-12-31,0.00
"Venezuela",916782.217193,"Caracas",-66.91666000000,10.50000000000,3.00,101.00,1946.00,1.00,1.00,2012.00,6.00,30.00,101.00,1946.000000,1.000000,1.000000,2012.000000,6.000000,30.000000,"Venezuela",862.00,"VE","VEN",1946-01-01,7999-12-31,0.00
"Samoa",2955.212366,"Apia",-171.73330000000,-13.83333000000,4.00,990.00,1976.00,12.00,15.00,2012.00,6.00,30.00,990.00,1962.000000,1.000000,1.000000,2012.000000,6.000000,30.000000,"Samoa",882.00,"WS","WSM",1962-01-01,7999-12-31,0.00
"Tonga",464.747331,"Nuku'alofa",-175.20000000000,-21.13333000000,5.00,955.00,1999.00,9.00,14.00,2012.00,6.00,30.00,972.00,1970.000000,6.000000,4.000000,2012.000000,6.000000,30.000000,"Tonga",776.00,"TO","TON",1970-06-04,7999-12-31,0.00
"Argentina",2787442.097720,"Buenos Aires",-58.67250000000,-34.58750000000,6.00,160.00,1946.00,1.00,1.00,2012.00,6.00,30.00,160.00,1946.000000,1.000000,1.000000,2012.000000,6.000000,30.000000,"Argentina",32.00,"AR","ARG",1946-01-01,7999-12-31,0.00
"Bolivia",1092697.435620,"La Paz",-68.15000000000,-16.50000000000,7.00,145.00,1946.00,1.00,1.00,2012.00,6.00,30.00,145.00,1946.000000,1.000000,1.000000,2012.000000,6.000000,30.000000,"Bolivia",68.00,"BO","BOL",1946-01-01,7999-12-31,0.00
"Brazil",8523619.571450,"Brasilia",-47.90000000000,-15.80000000000,8.00,140.00,1960.00,4.00,21.00,2012.00,6.00,30.00,140.00,1960.000000,4.000000,21.000000,2012.000000,6.000000,30.000000,"Brazil",76.00,"BR","BRA",1960-04-21,7999-12-31,0.00
"Chile",745808.493557,"Santiago",-70.66666000000,-33.45000000000,9.00,155.00,1946.00,1.00,1.00,2012.00,6.00,30.00,155.00,1946.000000,1.000000,1.000000,2012.000000,6.000000,30.000000,"Chile",152.00,"CL","CHL",1946-01-01,7999-12-31,0.00
"Ecuador",257026.690766,"Quito",-78.50000000000,-0.21666670000,10.00,130.00,1946.00,1.00,1.00,2012.00,6.00,30.00,130.00,1946.000000,1.000000,1.000000,2012.000000,6.000000,30.000000,"Ecuador",218.00,"EC","ECU",1946-01-01,7999-12-31,0.00
"Paraguay",400653.400581,"Asuncion",-57.66667000000,-25.26667000000,11.00,150.00,1946.00,1.00,1.00,2012.00,6.00,30.00,150.00,1946.000000,1.000000,1.000000,2012.000000,6.000000,30.000000,"Paraguay",600.00,"PY","PRY",1946-01-01,7999-12-31,0.00
"Peru",1299028.077630,"Lima",-77.05000000000,-12.05000000000,12.00,135.00,1946.00,1.00,1.00,2012.00,6.00,30.00,135.00,1946.000000,1.000000,1.000000,2012.000000,6.000000,30.000000,"Peru",604.00,"PE","PER",1946-01-01,7999-12-31,0.00
"Uruguay",178357.241440,"Montevideo",-56.17083000000,-34.85806000000,13.00,165.00,1946.00,1.00,1.00,2012.00,6.00,30.00,165.00,1946.000000,1.000000,1.000000,2012.000000,6.000000,30.000000,"Uruguay",858.00,"UY","URY",1946-01-01,7999-12-31,0.00
"Canada",9526178.124870,"Ottawa",-75.69000000000,45.42083000000,14.00,20.00,1946.00,1.00,1.00,1948.00,6.00,30.00,20.00,1946.000000,1.000000,1.000000,1948.000000,6.000000,30.000000,,0.00,,,1946-01-01,1948-06-30,0.00
"Guatemala",109653.931118,"Guatemala City",-90.52695000000,14.62111000000,15.00,90.00,1946.00,1.00,1.00,2012.00,6.00,30.00,90.00,1946.000000,1.000000,1.000000,2012.000000,6.000000,30.000000,"Guatemala",320.00,"GT","GTM",1946-01-01,7999-12-31,0.00
"Mexico",1965660.690140,"Mexico City",-99.13861000000,19.43417000000,16.00,70.00,1946.00,1.00,1.00,2012.00,6.00,30.00,70.00,1946.000000,1.000000,1.000000,2012.000000,6.000000,30.000000,"Mexico",484.00,"MX","MEX",1946-01-01,7999-12-31,0.00
"Barbados",448.945912,"Bridgetown",-59.61666000000,13.10000000000,17.00,53.00,1966.00,11.00,30.00,2012.00,6.00,30.00,53.00,1966.000000,11.000000,30.000000,2012.000000,6.000000,30.000000,"Barbados",52.00,"BB","BRB",1966-11-30,7999-12-31,0.00
"Dominica",774.491216,"Roseau",-61.40000000000,15.30000000000,18.00,54.00,1978.00,11.00,3.00,2012.00,6.00,30.00,54.00,1978.000000,11.000000,3.000000,2012.000000,6.000000,30.000000,"Dominica",212.00,"DM","DMA",1978-11-03,7999-12-31,0.00
"Grenada",348.318552,"Saint George's",-61.75000000000,12.05000000000,19.00,55.00,1974.00,2.00,7.00,2012.00,6.00,30.00,55.00,1974.000000,2.000000,7.000000,2012.000000,6.000000,30.000000,"Grenada",308.00,"GD","GRD",1974-02-07,7999-12-31,0.00
"St. Lucia",639.059499,"Castries",-61.00000000000,14.00000000000,20.00,56.00,1979.00,2.00,22.00,2012.00,6.00,30.00,56.00,1979.000000,2.000000,22.000000,2012.000000,6.000000,30.000000,"Saint Lucia",662.00,"LC","LCA",1979-02-22,7999-12-31,0.00
"St. Vincent and the Grenadines",344.300049,"Kingstown",-61.23333000000,13.16667000000,21.00,57.00,1979.00,10.00,27.00,2012.00,6.00,30.00,57.00,1979.000000,10.000000,27.000000,2012.000000,6.000000,30.000000,"Saint Vincent and the Grenadines",670.00,"VC","VCT",1979-10-27,7999-12-31,0.00
"Dominican Republic",48625.699064,"Santo Domingo",-69.90000000000,18.46667000000,22.00,42.00,1946.00,1.00,1.00,2012.00,6.00,30.00,42.00,1946.000000,1.000000,1.000000,2012.000000,6.000000,30.000000,"Dominican Republic",214.00,"DO","DOM",1946-01-01,7999-12-31,0.00
"Haiti",27315.459143,"Port-au-Prince",-72.33500000000,18.53920000000,23.00,41.00,1946.00,1.00,1.00,2012.00,6.00,30.00,41.00,1946.000000,1.000000,1.000000,2012.000000,6.000000,30.000000,"Haiti",332.00,"HT","HTI",1946-01-01,7999-12-31,0.00
"Jamaica",11097.419797,"Kingston",-76.80000000000,18.00000000000,24.00,51.00,1962.00,8.00,6.00,2012.00,6.00,30.00,51.00,1962.000000,8.000000,6.000000,2012.000000,6.000000,30.000000,"Jamaica",388.00,"JM","JAM",1962-08-06,7999-12-31,0.00
"Bahamas",12192.040472,"Nassau",-77.35000000000,25.08333000000,25.00,31.00,1973.00,7.00,10.00,2012.00,6.00,30.00,31.00,1973.000000,7.000000,10.000000,2012.000000,6.000000,30.000000,"Bahamas",44.00,"BS","BHS",1973-07-10,7999-12-31,0.00
"Belize",22208.858550,"Belmopan",-88.76667000000,17.25000000000,26.00,80.00,1981.00,9.00,21.00,2012.00,6.00,30.00,80.00,1981.000000,9.000000,21.000000,2012.000000,6.000000,30.000000,"Belize",84.00,"BZ","BLZ",1981-09-21,7999-12-31,0.00
"Colombia",1142725.713150,"Bogota",-74.08334000000,4.60000000000,27.00,100.00,1946.00,1.00,1.00,2012.00,6.00,30.00,100.00,1946.000000,1.000000,1.000000,2012.000000,6.000000,30.000000,"Colombia",170.00,"CO","COL",1946-01-01,7999-12-31,0.00
"Costa Rica",51402.625393,"San Jose",-84.08334000000,9.93333300000,28.00,94.00,1946.00,1.00,1.00,2012.00,6.00,30.00,94.00,1946.000000,1.000000,1.000000,2012.000000,6.000000,30.000000,"Costa Rica",188.00,"CR","CRI",1946-01-01,7999-12-31,0.00
"Cuba",109740.925034,"Havana",-82.36417000000,23.13194000000,29.00,40.00,1946.00,1.00,1.00,2012.00,6.00,30.00,40.00,1946.000000,1.000000,1.000000,2012.000000,6.000000,30.000000,"Cuba",192.00,"CU","CUB",1946-01-01,7999-12-31,0.00
"El Salvador",20692.839088,"San Salvador",-89.20306000000,13.70861000000,30.00,92.00,1946.00,1.00,1.00,2012.00,6.00,30.00,92.00,1946.000000,1.000000,1.000000,2012.000000,6.000000,30.000000,"El Salvador",222.00,"SV","SLV",1946-01-01,7999-12-31,0.00
"Honduras",112871.255492,"Tegucigalpa",-87.21667000000,14.10000000000,31.00,91.00,1946.00,1.00,1.00,2012.00,6.00,30.00,91.00,1946.000000,1.000000,1.000000,2012.000000,6.000000,30.000000,"Honduras",340.00,"HN","HND",1946-01-01,7999-12-31,0.00
"Nicaragua",128883.087518,"Managua",-86.26833000000,12.15083000000,32.00,93.00,1946.00,1.00,1.00,2012.00,6.00,30.00,93.00,1946.000000,1.000000,1.000000,2012.000000,6.000000,30.000000,"Nicaragua",558.00,"NI","NIC",1946-01-01,7999-12-31,0.00
"Panama",74612.567562,"Panama City",-79.53333000000,8.96666700000,33.00,95.00,1946.00,1.00,1.00,2012.00,6.00,30.00,95.00,1946.000000,1.000000,1.000000,2012.000000,6.000000,30.000000,"Panama",591.00,"PA","PAN",1946-01-01,7999-12-31,0.00
"Antigua and Barbuda",539.862119,"St. John's",-61.85000000000,17.11667000000,34.00,58.00,1981.00,11.00,1.00,2012.00,6.00,30.00,58.00,1981.000000,11.000000,1.000000,2012.000000,6.000000,30.000000,"Antigua and Barbuda",28.00,"AG","ATG",1981-11-01,7999-12-31,0.00
"St. Kitts and Nevis",196.699148,"Basseterre",-62.71667000000,17.30000000000,35.00,60.00,1983.00,9.00,19.00,2012.00,6.00,30.00,60.00,1983.000000,9.000000,19.000000,2012.000000,6.000000,30.000000,"Saint Kitts and Nevis",659.00,"KN","KNA",1983-09-19,7999-12-31,0.00
"Iceland",102510.041259,"Reykjavik",-21.95000000000,64.15000000000,36.00,395.00,1946.00,1.00,1.00,2012.00,6.00,30.00,395.00,1946.000000,1.000000,1.000000,2012.000000,6.000000,30.000000,"Iceland",352.00,"IS","ISL",1946-01-01,7999-12-31,0.00
"Ireland",69507.089470,"Dublin",-6.24888900000,53.33306000000,37.00,205.00,1946.00,1.00,1.00,2012.00,6.00,30.00,205.00,1946.000000,1.000000,1.000000,2012.000000,6.000000,30.000000,"Ireland",372.00,"IE","IRL",1946-01-01,7999-12-31,0.00
"United Kingdom",243845.075909,"London",-0.11666670000,51.50000000000,38.00,200.00,1946.00,1.00,1.00,2012.00,6.00,30.00,200.00,1946.000000,1.000000,1.000000,2012.000000,6.000000,30.000000,"United Kingdom",826.00,"GB","GBR",1946-01-01,7999-12-31,0.00
"Cape Verde",4054.303247,"Praia",-23.51667000000,14.91667000000,39.00,402.00,1975.00,7.00,5.00,2012.00,6.00,30.00,402.00,1975.000000,7.000000,5.000000,2012.000000,6.000000,30.000000,"Cape Verde",132.00,"CV","CPV",1975-07-05,7999-12-31,0.00
"Cote d'Ivoire",323412.228545,"Yamoussoukro",-5.28333300000,6.81666700000,40.00,437.00,1960.00,8.00,7.00,2012.00,6.00,30.00,437.00,1960.000000,8.000000,7.000000,2012.000000,6.000000,30.000000,"Cote d'Ivoire",384.00,"CI","CIV",1960-08-07,7999-12-31,0.00
"Ghana",240585.519658,"Accra",-0.21666670000,5.55000000000,41.00,452.00,1957.00,3.00,6.00,2012.00,6.00,30.00,452.00,1957.000000,3.000000,6.000000,2012.000000,6.000000,30.000000,"Ghana",288.00,"GH","GHA",1957-03-06,7999-12-31,0.00
"Liberia",96634.517474,"Monrovia",-10.80472000000,6.31055500000,42.00,450.00,1946.00,1.00,1.00,2012.00,6.00,30.00,450.00,1946.000000,1.000000,1.000000,2012.000000,6.000000,30.000000,"Liberia",430.00,"LR","LBR",1946-01-01,7999-12-31,0.00
"Morocco",401444.801090,"Rabat",-6.83000000000,34.02000000000,43.00,600.00,1956.00,3.00,2.00,1958.00,3.00,31.00,600.00,1956.000000,3.000000,2.000000,1958.000000,3.000000,31.000000,,0.00,,,1956-03-02,1958-03-03,0.00
"Portugal",92026.585583,"Lisbon",-9.13333300000,38.71667000000,44.00,235.00,1946.00,1.00,1.00,2012.00,6.00,30.00,235.00,1946.000000,1.000000,1.000000,2012.000000,6.000000,30.000000,"Portugal",620.00,"PT","PRT",1946-01-01,7999-12-31,0.00
"Spain",506733.603989,"Madrid",-3.68333300000,40.40000000000,45.00,230.00,1946.00,1.00,1.00,2012.00,6.00,30.00,230.00,1946.000000,1.000000,1.000000,2012.000000,6.000000,30.000000,"Spain",724.00,"ES","ESP",1946-01-01,7999-12-31,0.00
"Burkina Faso",274009.474052,"Ouagadougou",-1.52472200000,12.37028000000,46.00,439.00,1960.00,8.00,5.00,2012.00,6.00,30.00,439.00,1960.000000,8.000000,5.000000,2012.000000,6.000000,30.000000,"Burkina Faso",854.00,"BF","BFA",1960-08-05,7999-12-31,0.00
"Guinea",246594.677066,"Conakry",-13.71222000000,9.50916700000,47.00,438.00,1958.00,10.00,2.00,2012.00,6.00,30.00,438.00,1958.000000,10.000000,2.000000,2012.000000,6.000000,30.000000,"Guinea",324.00,"GN","GIN",1958-10-02,7999-12-31,0.00
"Guinea-Bissau",33462.115421,"Bissau",-15.58333000000,11.85000000000,48.00,404.00,1974.00,9.00,10.00,2012.00,6.00,30.00,404.00,1974.000000,9.000000,10.000000,2012.000000,6.000000,30.000000,"Guinea-Bissau",624.00,"GW","GNB",1974-09-10,7999-12-31,0.00
"Mali",1259194.501230,"Bamako",-8.00000000000,12.65000000000,49.00,432.00,1960.00,8.00,1.00,2012.00,6.00,30.00,432.00,1960.000000,9.000000,22.000000,2012.000000,6.000000,30.000000,"Mali",466.00,"ML","MLI",1960-09-22,7999-12-31,0.00
"Mauritania",1043783.427470,"Nouakchott",-16.04056000000,18.11944000000,50.00,435.00,1960.00,11.00,28.00,1976.00,3.00,31.00,435.00,1960.000000,11.000000,28.000000,1976.000000,3.000000,31.000000,"Mauritania",478.00,"MR","MRT",1960-11-28,7999-12-31,0.00
"Senegal",197172.573237,"Dakar",-17.45528000000,14.70889000000,51.00,433.00,1960.00,8.00,20.00,2012.00,6.00,30.00,433.00,1960.000000,4.000000,4.000000,2012.000000,6.000000,30.000000,"Senegal",686.00,"SN","SEN",1960-04-04,7999-12-31,0.00
"Sierra Leone",72952.342652,"Freetown",-13.23417000000,8.49000000000,52.00,451.00,1961.00,4.00,27.00,2012.00,6.00,30.00,451.00,1961.000000,4.000000,27.000000,2012.000000,6.000000,30.000000,"Sierra Leone",694.00,"SL","SLE",1961-04-27,7999-12-31,0.00
"The Gambia",10787.140457,"Banjul",-16.57750000000,13.45306000000,53.00,420.00,1965.00,2.00,18.00,2012.00,6.00,30.00,420.00,1965.000000,2.000000,18.000000,2012.000000,6.000000,30.000000,"Gambia",270.00,"GM","GMB",1965-02-18,7999-12-31,0.00
"Djibouti",21567.909705,"Djibouti",43.14806000000,11.59500000000,54.00,522.00,1977.00,6.00,27.00,2012.00,6.00,30.00,522.00,1977.000000,6.000000,27.000000,2012.000000,6.000000,30.000000,"Djibouti",262.00,"DJ","DJI",1977-06-27,7999-12-31,0.00
"Eritrea",121605.399367,"Asmara",38.93333000000,15.33333000000,55.00,531.00,1993.00,5.00,23.00,2012.00,6.00,30.00,531.00,1993.000000,5.000000,24.000000,2012.000000,6.000000,30.000000,"Eritrea",232.00,"ER","ERI",1993-05-24,7999-12-31,0.00
"Ethiopia",1134773.296920,"Addis Ababa",38.70000000000,9.03333300000,56.00,530.00,1993.00,5.00,23.00,2012.00,6.00,30.00,530.00,1993.000000,5.000000,24.000000,2012.000000,6.000000,30.000000,"Ethiopia",231.00,"ET","ETH",1993-05-24,7999-12-31,0.00
"Mongolia",1562323.426830,"Ulan Bator",106.91670000000,47.91667000000,57.00,712.00,1946.00,1.00,1.00,2012.00,6.00,30.00,712.00,1946.000000,1.000000,1.000000,2012.000000,6.000000,30.000000,"Mongolia",496.00,"MN","MNG",1946-01-01,7999-12-31,0.00
"Sudan",2501656.193500,"Khartoum",32.53417000000,15.58806000000,58.00,625.00,1956.00,1.00,1.00,2011.00,7.00,8.00,625.00,1956.000000,1.000000,1.000000,2011.000000,7.000000,8.000000,"Sudan",736.00,"SD","SDN",1956-01-01,2011-07-08,0.00
"Iraq",437462.661411,"Baghdad",44.39389000000,33.33861000000,60.00,645.00,1946.00,1.00,1.00,2012.00,6.00,30.00,645.00,1946.000000,1.000000,1.000000,2012.000000,6.000000,30.000000,"Iraq",368.00,"IQ","IRQ",1946-01-01,7999-12-31,0.00
"Israel",20783.964426,"Jerusalem",35.22361000000,31.77917000000,61.00,666.00,1948.00,5.00,14.00,1967.00,5.00,31.00,666.00,1948.000000,5.000000,14.000000,1967.000000,5.000000,31.000000,,0.00,,,1948-05-14,1967-05-03,0.00
"Jordan",89491.068486,"Amman",35.93333000000,31.95000000000,62.00,663.00,1946.00,3.00,22.00,2012.00,6.00,30.00,663.00,1946.000000,5.000000,25.000000,2012.000000,6.000000,30.000000,"Jordan",400.00,"JO","JOR",1946-05-25,7999-12-31,0.00
"Kazakhstan",2721207.079160,"Astana",71.42778000000,51.18111000000,63.00,705.00,1991.00,12.00,26.00,2012.00,6.00,30.00,705.00,1991.000000,12.000000,16.000000,2012.000000,6.000000,30.000000,"Kazakhstan",398.00,"KZ","KAZ",1991-12-16,7999-12-31,0.00
"Norway",319586.663464,"Oslo",10.75000000000,59.91667000000,64.00,385.00,1946.00,1.00,1.00,2012.00,6.00,30.00,385.00,1946.000000,1.000000,1.000000,2012.000000,6.000000,30.000000,"Norway",578.00,"NO","NOR",1946-01-01,7999-12-31,0.00
"Russia",16827198.001300,"Moscow",37.61555000000,55.75222000000,65.00,365.00,1991.00,12.00,26.00,2012.00,6.00,30.00,365.00,1991.000000,12.000000,21.000000,2012.000000,6.000000,30.000000,"Russian Federation",643.00,"RU","RUS",1991-12-21,7999-12-31,0.00
"Sweden",444337.592324,"Stockholm",18.05000000000,59.33333000000,66.00,380.00,1946.00,1.00,1.00,2012.00,6.00,30.00,380.00,1946.000000,1.000000,1.000000,2012.000000,6.000000,30.000000,"Sweden",752.00,"SE","SWE",1946-01-01,7999-12-31,0.00
"Algeria",2326148.441310,"Algiers",3.05055600000,36.76305000000,67.00,615.00,1962.00,7.00,5.00,2012.00,6.00,30.00,615.00,1962.000000,7.000000,5.000000,2012.000000,6.000000,30.000000,"Algeria",12.00,"DZ","DZA",1962-07-05,7999-12-31,0.00
"Andorra",507.451029,"Andorra la Vella",1.51666700000,42.50000000000,68.00,232.00,1993.00,7.00,28.00,2012.00,6.00,30.00,232.00,1946.000000,1.000000,1.000000,2012.000000,6.000000,30.000000,"Andorra",20.00,"AD","AND",1946-01-01,7999-12-31,0.00
"Cameroon",467816.059699,"Yaounde",11.51667000000,3.86666700000,69.00,471.00,1961.00,10.00,1.00,2012.00,6.00,30.00,471.00,1961.000000,10.000000,1.000000,2012.000000,6.000000,30.000000,"Cameroon",120.00,"CM","CMR",1961-10-01,7999-12-31,0.00
"Central African Republic",622696.581450,"Bangui",18.58333000000,4.36666700000,70.00,482.00,1960.00,8.00,13.00,2012.00,6.00,30.00,482.00,1960.000000,8.000000,13.000000,2012.000000,6.000000,30.000000,"Central African Republic",140.00,"CF","CAF",1960-08-13,7999-12-31,0.00
"Libya",1623932.594440,"Tripoli",13.18000000000,32.89250000000,71.00,620.00,1951.00,12.00,24.00,1972.00,12.00,31.00,620.00,1951.000000,12.000000,24.000000,1972.000000,12.000000,31.000000,,0.00,,,1951-12-24,1972-12-03,0.00
"Monaco",9.275837,"Monaco",7.41666700000,43.73333000000,72.00,221.00,1993.00,5.00,28.00,2012.00,6.00,30.00,221.00,1946.000000,1.000000,1.000000,2012.000000,6.000000,30.000000,"Monaco",492.00,"MC","MCO",1946-01-01,7999-12-31,0.00
"Tunisia",155771.465695,"Tunis",10.17972000000,36.80278000000,73.00,616.00,1956.00,3.00,20.00,2012.00,6.00,30.00,616.00,1956.000000,1.000000,1.000000,2012.000000,6.000000,30.000000,"Tunisia",788.00,"TN","TUN",1956-01-01,7999-12-31,0.00
"Benin",116922.187423,"Porto-Novo",2.61666700000,6.48333300000,74.00,434.00,1960.00,8.00,1.00,2012.00,6.00,30.00,434.00,1960.000000,8.000000,1.000000,2012.000000,6.000000,30.000000,"Benin",204.00,"BJ","BEN",1960-08-01,7999-12-31,0.00
"Chad",1279118.912780,"N'Djamena",15.21667000000,11.71667000000,75.00,483.00,1960.00,8.00,11.00,1972.00,12.00,31.00,483.00,1960.000000,8.000000,11.000000,1972.000000,12.000000,31.000000,,0.00,,,1960-08-11,1972-12-03,0.00
"Equatorial Guinea",27102.466691,"Malabo",8.78333300000,3.75000000000,76.00,411.00,1968.00,10.00,12.00,2012.00,6.00,30.00,411.00,1968.000000,10.000000,12.000000,2012.000000,6.000000,30.000000,"Equatorial Guinea",226.00,"GQ","GNQ",1968-10-12,7999-12-31,0.00
"Kiribati",425.447053,"Tarawa",172.96670000000,1.31666700000,77.00,946.00,1999.00,9.00,14.00,2012.00,6.00,30.00,970.00,1979.000000,7.000000,12.000000,2012.000000,6.000000,30.000000,"Kiribati",296.00,"KI","KIR",1979-07-12,7999-12-31,0.00
"Niger",1188522.524800,"Niamey",2.11666700000,13.51667000000,78.00,436.00,1960.00,10.00,3.00,2012.00,6.00,30.00,436.00,1960.000000,8.000000,3.000000,2012.000000,6.000000,30.000000,"Niger",562.00,"NE","NER",1960-08-03,7999-12-31,0.00
"Nigeria",914291.337152,"Abuja",7.53333300000,9.08333300000,79.00,475.00,1961.00,6.00,1.00,2012.00,6.00,30.00,475.00,1961.000000,6.000000,1.000000,2012.000000,6.000000,30.000000,"Nigeria",566.00,"NG","NGA",1961-06-01,7999-12-31,0.00
"Sao Tome and Principe",1149.775372,"Sao Tome",6.68138900000,0.33611100000,80.00,403.00,1975.00,7.00,12.00,2012.00,6.00,30.00,403.00,1975.000000,7.000000,12.000000,2012.000000,6.000000,30.000000,"Sao Tome and Principe",678.00,"ST","STP",1975-07-12,7999-12-31,0.00
"Togo",57485.448434,"Lome",1.60000000000,7.10000000000,81.00,461.00,1960.00,4.00,27.00,2012.00,6.00,30.00,461.00,1960.000000,4.000000,27.000000,2012.000000,6.000000,30.000000,"Togo",768.00,"TG","TGO",1960-04-27,7999-12-31,0.00
"Albania",28680.714459,"Tirane",19.81889000000,41.32750000000,82.00,339.00,1946.00,1.00,1.00,2012.00,6.00,30.00,339.00,1946.000000,1.000000,1.000000,2012.000000,6.000000,30.000000,"Albania",8.00,"AL","ALB",1946-01-01,7999-12-31,0.00
"Bosnia and Herzegovina",51537.974827,"Sarajevo",18.38333000000,43.85000000000,83.00,346.00,1992.00,4.00,7.00,2012.00,6.00,30.00,346.00,1992.000000,4.000000,27.000000,2012.000000,6.000000,30.000000,"Bosnia and Herzegovina",70.00,"BA","BIH",1992-04-27,7999-12-31,0.00
"Croatia",55889.115174,"Zagreb",16.00000000000,45.80000000000,84.00,344.00,1992.00,1.00,15.00,2012.00,6.00,30.00,344.00,1992.000000,4.000000,27.000000,2012.000000,6.000000,30.000000,"Croatia",191.00,"HR","HRV",1992-04-27,7999-12-31,0.00
"Italy",300242.620682,"Rome",12.48333000000,41.90000000000,85.00,325.00,1946.00,1.00,1.00,2012.00,6.00,30.00,325.00,1946.000000,1.000000,1.000000,2012.000000,6.000000,30.000000,"Italy",380.00,"IT","ITA",1946-01-01,7999-12-31,0.00
"Macedonia",25483.193212,"Skopje",21.43333000000,42.00000000000,86.00,343.00,1993.00,4.00,8.00,2012.00,6.00,30.00,343.00,1991.000000,11.000000,20.000000,2012.000000,6.000000,30.000000,"Macedonia, the former Yugoslav Republic of",807.00,"MK","MKD",1991-11-20,7999-12-31,0.00
"Malta",295.019435,"Valletta",14.51472000000,35.89972000000,87.00,338.00,1964.00,9.00,21.00,2012.00,6.00,30.00,338.00,1964.000000,9.000000,21.000000,2012.000000,6.000000,30.000000,"Malta",470.00,"MT","MLT",1964-09-21,7999-12-31,0.00
"San Marino",59.881175,"San Marino",12.45000000000,43.93333000000,88.00,331.00,1992.00,3.00,2.00,2012.00,6.00,30.00,331.00,1946.000000,1.000000,1.000000,2012.000000,6.000000,30.000000,"San Marino",674.00,"SM","SMR",1946-01-01,7999-12-31,0.00
"Bulgaria",111083.068328,"Sofia",23.31667000000,42.68333000000,90.00,355.00,1946.00,1.00,1.00,2012.00,6.00,30.00,355.00,1946.000000,1.000000,1.000000,2012.000000,6.000000,30.000000,"Bulgaria",100.00,"BG","BGR",1946-01-01,7999-12-31,0.00
"Cyprus",9157.708605,"Nicosia",33.36666000000,35.16667000000,91.00,352.00,1960.00,8.00,16.00,2012.00,6.00,30.00,352.00,1960.000000,8.000000,16.000000,2012.000000,6.000000,30.000000,"Cyprus",196.00,"CY","CYP",1960-08-16,7999-12-31,0.00
"Egypt",1002473.978440,"Cairo",31.25000000000,30.05000000000,92.00,651.00,1946.00,1.00,1.00,1958.00,1.00,31.00,651.00,1946.000000,1.000000,1.000000,1967.000000,5.000000,31.000000,,0.00,,,1946-01-01,1967-05-03,0.00
"Georgia",70004.604642,"T'bilisi",44.79083000000,41.72500000000,93.00,372.00,1991.00,12.00,26.00,2012.00,6.00,30.00,372.00,1991.000000,12.000000,21.000000,2012.000000,6.000000,30.000000,"Georgia",268.00,"GE","GEO",1991-12-21,7999-12-31,0.00
"Greece",130247.978372,"Athens",23.73333000000,37.98333000000,94.00,350.00,1946.00,1.00,1.00,2012.00,6.00,30.00,350.00,1946.000000,1.000000,1.000000,2012.000000,6.000000,30.000000,"Greece",300.00,"GR","GRC",1946-01-01,7999-12-31,0.00
"Lebanon",10240.233557,"Beirut",35.50972000000,33.87194000000,95.00,660.00,1946.00,3.00,10.00,2012.00,6.00,30.00,660.00,1946.000000,1.000000,1.000000,2012.000000,6.000000,30.000000,"Lebanon",422.00,"LB","LBN",1946-01-01,7999-12-31,0.00
"Syria",188436.319945,"Damascus",36.30000000000,33.50000000000,96.00,652.00,1946.00,4.00,17.00,1958.00,2.00,1.00,652.00,1946.000000,1.000000,1.000000,1967.000000,5.000000,31.000000,,0.00,,,1946-01-01,1967-05-03,0.00
"Turkey",781079.220751,"Ankara",32.86444000000,39.92722000000,97.00,640.00,1946.00,1.00,1.00,2012.00,6.00,30.00,640.00,1946.000000,1.000000,1.000000,2012.000000,6.000000,30.000000,"Turkey",792.00,"TR","TUR",1946-01-01,7999-12-31,0.00
"Austria",83896.077903,"Vienna",16.36667000000,48.20000000000,98.00,305.00,1955.00,7.00,27.00,2012.00,6.00,30.00,305.00,1946.000000,1.000000,1.000000,2012.000000,6.000000,30.000000,"Austria",40.00,"AT","AUT",1946-01-01,7999-12-31,0.00
"Czech Republic",78668.411743,"Prague",14.46667000000,50.08333000000,99.00,316.00,1993.00,1.00,1.00,2012.00,6.00,30.00,316.00,1993.000000,1.000000,1.000000,2012.000000,6.000000,30.000000,"Czech Republic",203.00,"CZ","CZE",1993-01-01,7999-12-31,0.00
"Denmark",42604.674358,"Copenhagen",12.58333000000,55.66667000000,100.00,390.00,1946.00,1.00,1.00,2012.00,6.00,30.00,390.00,1946.000000,1.000000,1.000000,2012.000000,6.000000,30.000000,"Denmark",208.00,"DK","DNK",1946-01-01,7999-12-31,0.00
"Hungary",92949.132530,"Budapest",19.08333000000,47.50000000000,101.00,310.00,1946.00,1.00,1.00,2012.00,6.00,30.00,310.00,1946.000000,1.000000,1.000000,2012.000000,6.000000,30.000000,"Hungary",348.00,"HU","HUN",1946-01-01,7999-12-31,0.00
"Poland",311161.237356,"Warsaw",21.00000000000,52.25000000000,102.00,290.00,1946.00,1.00,1.00,2012.00,6.00,30.00,290.00,1946.000000,1.000000,1.000000,2012.000000,6.000000,30.000000,"Poland",616.00,"PL","POL",1946-01-01,7999-12-31,0.00
"Slovakia",48884.720098,"Bratislava",17.11667000000,48.15000000000,103.00,317.00,1993.00,1.00,1.00,2012.00,6.00,30.00,317.00,1993.000000,1.000000,1.000000,2012.000000,6.000000,30.000000,"Slovakia",703.00,"SK","SVK",1993-01-01,7999-12-31,0.00
"Slovenia",20415.612551,"Ljubljana",14.51444000000,46.05528000000,104.00,349.00,1992.00,1.00,15.00,2012.00,6.00,30.00,349.00,1992.000000,4.000000,27.000000,2012.000000,6.000000,30.000000,"Slovenia",705.00,"SI","SVN",1992-04-27,7999-12-31,0.00
"Belgium",30611.699104,"Brussels",4.33333300000,50.83333000000,105.00,211.00,1946.00,1.00,1.00,2012.00,6.00,30.00,211.00,1946.000000,1.000000,1.000000,2012.000000,6.000000,30.000000,"Belgium",56.00,"BE","BEL",1946-01-01,7999-12-31,0.00
"France",547871.255355,"Paris",2.33333300000,48.86666000000,106.00,220.00,1946.00,1.00,1.00,2012.00,6.00,30.00,220.00,1946.000000,1.000000,1.000000,2012.000000,6.000000,30.000000,"France",250.00,"FR","FRA",1946-01-01,7999-12-31,0.00
"Liechtenstein",176.309936,"Vaduz",9.51666600000,47.13334000000,107.00,223.00,1990.00,9.00,18.00,2012.00,6.00,30.00,223.00,1946.000000,1.000000,1.000000,2012.000000,6.000000,30.000000,"Liechtenstein",438.00,"LI","LIE",1946-01-01,7999-12-31,0.00
"Luxembourg",2577.809280,"Luxembourg",6.13000000000,49.61167000000,108.00,212.00,1946.00,1.00,1.00,2012.00,6.00,30.00,212.00,1946.000000,1.000000,1.000000,2012.000000,6.000000,30.000000,"Luxembourg",442.00,"LU","LUX",1946-01-01,7999-12-31,0.00
"Netherlands",35485.574995,"Amsterdam",4.91666700000,52.35000000000,109.00,210.00,1946.00,1.00,1.00,2012.00,6.00,30.00,210.00,1946.000000,1.000000,1.000000,2012.000000,6.000000,30.000000,"Netherlands",528.00,"NL","NLD",1946-01-01,7999-12-31,0.00
"Switzerland",41475.571286,"Bern",7.46666700000,46.91667000000,110.00,225.00,1946.00,1.00,1.00,2012.00,6.00,30.00,225.00,1946.000000,1.000000,1.000000,2012.000000,6.000000,30.000000,"Switzerland",756.00,"CH","CHE",1946-01-01,7999-12-31,0.00
"Belarus",207315.892132,"Minsk",27.56667000000,53.90000000000,111.00,370.00,1991.00,12.00,26.00,2012.00,6.00,30.00,370.00,1991.000000,8.000000,25.000000,2012.000000,6.000000,30.000000,"Belarus",112.00,"BY","BLR",1991-08-25,7999-12-31,0.00
"Estonia",45791.580094,"Tallinn",24.72806000000,59.43389000000,112.00,366.00,1991.00,9.00,6.00,2012.00,6.00,30.00,366.00,1991.000000,9.000000,6.000000,2012.000000,6.000000,30.000000,"Estonia",233.00,"EE","EST",1991-09-06,7999-12-31,0.00
"Finland",333891.198261,"Helsinki",24.93417000000,60.17556000000,113.00,375.00,1946.00,1.00,1.00,2012.00,6.00,30.00,375.00,1946.000000,1.000000,1.000000,2012.000000,6.000000,30.000000,"Finland",246.00,"FI","FIN",1946-01-01,7999-12-31,0.00
"Latvia",64469.191475,"Riga",24.13333000000,56.96667000000,114.00,367.00,1991.00,9.00,6.00,2012.00,6.00,30.00,367.00,1991.000000,9.000000,6.000000,2012.000000,6.000000,30.000000,"Latvia",428.00,"LV","LVA",1991-09-06,7999-12-31,0.00
"Lithuania",64857.556813,"Vilnius",25.31667000000,54.68333000000,115.00,368.00,1991.00,9.00,6.00,2012.00,6.00,30.00,368.00,1991.000000,9.000000,6.000000,2012.000000,6.000000,30.000000,"Lithuania",440.00,"LT","LTU",1991-09-06,7999-12-31,0.00
"Moldova",33670.870067,"Chisinau",28.85750000000,47.00555000000,116.00,359.00,1991.00,12.00,26.00,2012.00,6.00,30.00,359.00,1991.000000,8.000000,27.000000,2012.000000,6.000000,30.000000,"Moldova",498.00,"MD","MDA",1991-08-27,7999-12-31,0.00
"Romania",237334.065117,"Bukarest",26.10000000000,44.43333000000,117.00,360.00,1946.00,1.00,1.00,2012.00,6.00,30.00,360.00,1946.000000,1.000000,1.000000,2012.000000,6.000000,30.000000,"Romania",642.00,"RO","ROU",1946-01-01,7999-12-31,0.00
"Ukraine",596958.708921,"Kiev",30.51667000000,50.43333000000,118.00,369.00,1991.00,12.00,26.00,2012.00,6.00,30.00,369.00,1991.000000,12.000000,1.000000,2012.000000,6.000000,30.000000,"Ukraine",804.00,"UA","UKR",1991-12-01,7999-12-31,0.00
"Maldives",33.853894,"Male",73.50000000000,4.16666700000,119.00,781.00,1965.00,7.00,26.00,2012.00,6.00,30.00,781.00,1965.000000,5.000000,26.000000,2012.000000,6.000000,30.000000,"Maldives",462.00,"MV","MDV",1965-05-26,7999-12-31,0.00
"Oman",310330.681626,"Masqat",58.59333000000,23.61333000000,120.00,698.00,1971.00,10.00,7.00,2012.00,6.00,30.00,698.00,1946.000000,1.000000,1.000000,2012.000000,6.000000,30.000000,"Oman",512.00,"OM","OMN",1946-01-01,7999-12-31,0.00
"Somalia",640483.588890,"Mogadishu",45.36666000000,2.06666700000,121.00,520.00,1960.00,7.00,1.00,2012.00,6.00,30.00,520.00,1960.000000,7.000000,1.000000,2012.000000,6.000000,30.000000,"Somalia",706.00,"SO","SOM",1960-07-01,7999-12-31,0.00
"Sri Lanka",66468.358961,"Colombo",79.84778000000,6.93194400000,122.00,780.00,1948.00,2.00,4.00,2012.00,6.00,30.00,780.00,1948.000000,2.000000,4.000000,2012.000000,6.000000,30.000000,"Sri Lanka",144.00,"LK","LKA",1948-02-04,7999-12-31,0.00
"Turkmenistan",472337.174738,"Ashgabat",58.38334000000,37.95000000000,123.00,701.00,1991.00,12.00,26.00,2012.00,6.00,30.00,701.00,1991.000000,10.000000,27.000000,2012.000000,6.000000,30.000000,"Turkmenistan",795.00,"TM","TKM",1991-10-27,7999-12-31,0.00
"Uzbekistan",446971.059951,"Tashkent",69.25000000000,41.31667000000,124.00,704.00,1991.00,12.00,26.00,2012.00,6.00,30.00,704.00,1991.000000,8.000000,31.000000,2012.000000,6.000000,30.000000,"Uzbekistan",860.00,"UZ","UZB",1991-08-31,7999-12-31,0.00
"Yemen",456146.698895,"Sana'a",44.18333000000,15.28333000000,125.00,679.00,2000.00,6.00,12.00,2012.00,6.00,30.00,678.00,2000.000000,6.000000,12.000000,2012.000000,6.000000,30.000000,"Yemen",887.00,"YE","YEM",2000-06-12,7999-12-31,0.00
"Armenia",29702.499264,"Yerevan",44.51361000000,40.18111000000,126.00,371.00,1991.00,12.00,26.00,2012.00,6.00,30.00,371.00,1991.000000,12.000000,21.000000,2012.000000,6.000000,30.000000,"Armenia",51.00,"AM","ARM",1991-12-21,7999-12-31,0.00
"Azerbaijan",86045.874588,"Baku",49.88222000000,40.39528000000,127.00,373.00,1991.00,12.00,26.00,2012.00,6.00,30.00,373.00,1991.000000,12.000000,21.000000,2012.000000,6.000000,30.000000,"Azerbaijan",31.00,"AZ","AZE",1991-12-21,7999-12-31,0.00
"Bahrain",642.915229,"Manama",50.58306000000,26.23611000000,128.00,692.00,1971.00,8.00,15.00,2012.00,6.00,30.00,692.00,1971.000000,8.000000,15.000000,2012.000000,6.000000,30.000000,"Bahrain",48.00,"BH","BHR",1971-08-15,7999-12-31,0.00
"Iran",1626149.960280,"Tehran",51.42445000000,35.67194000000,129.00,630.00,1946.00,1.00,1.00,2012.00,6.00,30.00,630.00,1946.000000,1.000000,1.000000,2012.000000,6.000000,30.000000,"Iran, Islamic Republic of",364.00,"IR","IRN",1946-01-01,7999-12-31,0.00
"Kuwait",16798.111065,"Kuwait",47.97833000000,29.36972000000,130.00,690.00,1961.00,6.00,19.00,2012.00,6.00,30.00,690.00,1961.000000,6.000000,19.000000,2012.000000,6.000000,30.000000,"Kuwait",414.00,"KW","KWT",1961-06-19,7999-12-31,0.00
"Qatar",11143.663419,"Doha",51.53333000000,25.28667000000,131.00,694.00,1971.00,9.00,3.00,2012.00,6.00,30.00,694.00,1971.000000,9.000000,3.000000,2012.000000,6.000000,30.000000,"Qatar",634.00,"QA","QAT",1971-09-03,7999-12-31,0.00
"Saudi Arabia",1933234.384690,"Riyadh",46.77278000000,24.64083000000,132.00,670.00,2000.00,6.00,12.00,2012.00,6.00,30.00,670.00,2000.000000,6.000000,12.000000,2012.000000,6.000000,30.000000,"Saudi Arabia",682.00,"SA","SAU",2000-06-12,7999-12-31,0.00
"United Arab Emirates",70685.174115,"Abu Dhabi",54.36666000000,24.46667000000,133.00,696.00,1971.00,12.00,2.00,2012.00,6.00,30.00,696.00,1971.000000,12.000000,2.000000,2012.000000,6.000000,30.000000,"United Arab Emirates",784.00,"AE","ARE",1971-12-02,7999-12-31,0.00
"Afghanistan",643557.140913,"Kabul",69.18333000000,34.51667000000,134.00,700.00,1946.00,1.00,1.00,2012.00,6.00,30.00,700.00,1946.000000,1.000000,1.000000,2012.000000,6.000000,30.000000,"Afghanistan",4.00,"AF","AFG",1946-01-01,7999-12-31,0.00
"Kyrgyzstan",199732.539747,"Bishkek",74.60028000000,42.87305000000,135.00,703.00,1991.00,12.00,26.00,2012.00,6.00,30.00,703.00,1991.000000,8.000000,31.000000,2012.000000,6.000000,30.000000,"Kyrgyzstan",417.00,"KG","KGZ",1991-08-31,7999-12-31,0.00
"Nepal",147710.194614,"Kathmandu",85.31667000000,27.71667000000,136.00,790.00,1946.00,1.00,1.00,2012.00,6.00,30.00,790.00,1946.000000,1.000000,1.000000,2012.000000,6.000000,30.000000,"Nepal",524.00,"NP","NPL",1946-01-01,7999-12-31,0.00
"Pakistan",879492.896930,"Islamabad",73.16666000000,33.70000000000,137.00,770.00,1971.00,12.00,1.00,2012.00,6.00,30.00,770.00,1971.000000,12.000000,1.000000,2012.000000,6.000000,30.000000,"Pakistan",586.00,"PK","PAK",1971-12-01,7999-12-31,0.00
"Tajikistan",142643.839584,"Dushanbe",68.77389000000,38.56000000000,138.00,702.00,1991.00,12.00,26.00,2012.00,6.00,30.00,702.00,1991.000000,9.000000,9.000000,2012.000000,6.000000,30.000000,"Tajikistan",762.00,"TJ","TJK",1991-09-09,7999-12-31,0.00
"Bangladesh",138505.328342,"Dhaka",90.40861000000,23.72305000000,139.00,771.00,1971.00,12.00,16.00,2012.00,6.00,30.00,771.00,1971.000000,12.000000,16.000000,2012.000000,6.000000,30.000000,"Bangladesh",50.00,"BD","BGD",1971-12-16,7999-12-31,0.00
"Bhutan",39991.356124,"Thimphu",89.60000000000,27.48333000000,140.00,760.00,1971.00,9.00,21.00,2012.00,6.00,30.00,760.00,1949.000000,1.000000,1.000000,2012.000000,6.000000,30.000000,"Bhutan",64.00,"BT","BTN",1949-01-01,7999-12-31,0.00
"Brunei",5785.180399,"Bandar Seri Begawan",114.93330000000,4.88333300000,141.00,835.00,1984.00,1.00,1.00,2012.00,6.00,30.00,835.00,1984.000000,1.000000,1.000000,2012.000000,6.000000,30.000000,"Brunei Darussalam",96.00,"BN","BRN",1984-01-01,7999-12-31,0.00
"China",9424689.746440,"Beijing",116.38830000000,39.92889000000,142.00,710.00,1946.00,1.00,1.00,1949.00,11.00,30.00,710.00,1946.000000,1.000000,1.000000,1949.000000,11.000000,30.000000,,0.00,,,1946-01-01,1949-11-03,0.00
"Japan",371862.299662,"Tokyo",139.75140000000,35.68500000000,143.00,740.00,1952.00,4.00,28.00,2012.00,6.00,30.00,740.00,1946.000000,1.000000,1.000000,2012.000000,6.000000,30.000000,"Japan",392.00,"JP","JPN",1946-01-01,7999-12-31,0.00
"North Korea",122351.726844,"Pyongyang",125.75470000000,39.01944000000,144.00,731.00,1948.00,9.00,9.00,2012.00,6.00,30.00,731.00,1948.000000,9.000000,9.000000,2012.000000,6.000000,30.000000,"Korea, Democratic People's Republic of",408.00,"KP","PRK",1948-09-09,7999-12-31,0.00
"Palau",382.603448,"Koror",134.47080000000,7.34055600000,145.00,986.00,1994.00,12.00,15.00,2012.00,6.00,30.00,986.00,1994.000000,10.000000,1.000000,2012.000000,6.000000,30.000000,"Palau",585.00,"PW","PLW",1994-10-01,7999-12-31,0.00
"Philippines",294201.601138,"Manila",120.98220000000,14.60417000000,146.00,840.00,1946.00,7.00,4.00,2012.00,6.00,30.00,840.00,1946.000000,7.000000,4.000000,2012.000000,6.000000,30.000000,"Philippines",608.00,"PH","PHL",1946-07-04,7999-12-31,0.00
"South Korea",97429.716399,"Seoul",126.99970000000,37.56639000000,147.00,732.00,1949.00,6.00,29.00,2012.00,6.00,30.00,732.00,1948.000000,8.000000,15.000000,2012.000000,6.000000,30.000000,"Korea, Republic of",410.00,"KR","KOR",1948-08-15,7999-12-31,0.00
"Cambodia",182847.295534,"Phnom Penh",104.91670000000,11.55000000000,148.00,811.00,1953.00,11.00,9.00,2012.00,6.00,30.00,811.00,1953.000000,11.000000,9.000000,2012.000000,6.000000,30.000000,"Cambodia",116.00,"KH","KHM",1953-11-09,7999-12-31,0.00
"Laos",231120.578521,"Vientiane",102.60000000000,17.96667000000,149.00,812.00,1953.00,10.00,23.00,2012.00,6.00,30.00,812.00,1954.000000,5.000000,1.000000,2012.000000,6.000000,30.000000,"Lao People's Democratic Republic",418.00,"LA","LAO",1954-05-01,7999-12-31,0.00
"Myanmar",670372.095395,"Yangon",96.16666000000,16.78333000000,150.00,775.00,1948.00,1.00,4.00,2012.00,6.00,30.00,775.00,1948.000000,1.000000,4.000000,2012.000000,6.000000,30.000000,"Myanmar",104.00,"MM","MMR",1948-01-04,7999-12-31,0.00
"Thailand",515247.086971,"Bangkok",100.51670000000,13.75000000000,151.00,800.00,1946.00,1.00,1.00,2012.00,6.00,30.00,800.00,1946.000000,1.000000,1.000000,2012.000000,6.000000,30.000000,"Thailand",764.00,"TH","THA",1946-01-01,7999-12-31,0.00
"Vietnam",326086.275122,"Hanoi",105.85000000000,21.03333000000,152.00,816.00,1975.00,4.00,1.00,2012.00,6.00,30.00,816.00,1975.000000,4.000000,1.000000,2012.000000,6.000000,30.000000,"Viet Nam",704.00,"VN","VNM",1975-04-01,7999-12-31,0.00
"Marshall Is.",34.918184,"Majuro",171.38330000000,7.10000000000,153.00,983.00,1991.00,9.00,17.00,2012.00,6.00,30.00,983.00,1986.000000,10.000000,21.000000,2012.000000,6.000000,30.000000,"Marshall Islands",584.00,"MH","MHL",1986-10-21,7999-12-31,0.00
"Micronesia",519.642298,"Palikir",158.15000000000,6.91666700000,154.00,987.00,1991.00,9.00,17.00,2012.00,6.00,30.00,987.00,1986.000000,11.000000,3.000000,2012.000000,6.000000,30.000000,"Micronesia, Federated States of",583.00,"FM","FSM",1986-11-03,7999-12-31,0.00
"Botswana",581127.216322,"Gaborone",25.91195000000,-24.64639000000,155.00,571.00,1966.00,9.00,30.00,2012.00,6.00,30.00,571.00,1966.000000,9.000000,30.000000,2012.000000,6.000000,30.000000,"Botswana",72.00,"BW","BWA",1966-09-30,7999-12-31,0.00
"Burundi",27367.749959,"Bujumbura",29.36000000000,-3.37611100000,156.00,516.00,1962.00,7.00,1.00,2012.00,6.00,30.00,516.00,1962.000000,7.000000,1.000000,2012.000000,6.000000,30.000000,"Burundi",108.00,"BI","BDI",1962-07-01,7999-12-31,0.00
"Rwanda",25305.624439,"Kigali",30.06056000000,-1.95361100000,158.00,517.00,1962.00,7.00,1.00,2012.00,6.00,30.00,517.00,1962.000000,1.000000,7.000000,2012.000000,6.000000,30.000000,"Rwanda",646.00,"RW","RWA",1962-01-07,7999-12-31,0.00
"Zambia",756428.205434,"Lusaka",28.28333000000,-15.41667000000,160.00,551.00,1964.00,10.00,24.00,2012.00,6.00,30.00,551.00,1964.000000,10.000000,24.000000,2012.000000,6.000000,30.000000,"Zambia",894.00,"ZM","ZMB",1964-10-24,7999-12-31,0.00
"Zimbabwe",391930.531069,"Harare",31.04472000000,-17.81778000000,161.00,552.00,1965.00,11.00,11.00,2012.00,6.00,30.00,552.00,1965.000000,11.000000,11.000000,2012.000000,6.000000,30.000000,"Zimbabwe",716.00,"ZW","ZWE",1965-11-11,7999-12-31,0.00
"Comoros",1726.735969,"Moroni",43.24028000000,-11.70417000000,162.00,581.00,1975.00,12.00,31.00,2012.00,6.00,30.00,581.00,1975.000000,7.000000,6.000000,2012.000000,6.000000,30.000000,"Comoros",174.00,"KM","COM",1975-07-06,7999-12-31,0.00
"Lesotho",30621.428734,"Maseru",27.48333000000,-29.31667000000,163.00,570.00,1966.00,10.00,4.00,2012.00,6.00,30.00,570.00,1966.000000,10.000000,4.000000,2012.000000,6.000000,30.000000,"Lesotho",426.00,"LS","LSO",1966-10-04,7999-12-31,0.00
"Malawi",119198.864167,"Lilongwe",33.78333000000,-13.98333000000,164.00,553.00,1964.00,7.00,6.00,2012.00,6.00,30.00,553.00,1964.000000,7.000000,6.000000,2012.000000,6.000000,30.000000,"Malawi",454.00,"MW","MWI",1964-07-06,7999-12-31,0.00
"Mozambique",790679.445056,"Maputo",32.58917000000,-25.96528000000,165.00,541.00,1975.00,6.00,25.00,2012.00,6.00,30.00,541.00,1975.000000,6.000000,25.000000,2012.000000,6.000000,30.000000,"Mozambique",508.00,"MZ","MOZ",1975-06-25,7999-12-31,0.00
"South Africa",1224585.797400,"Pretoria",28.22944000000,-25.70694000000,166.00,560.00,1990.00,3.00,1.00,2012.00,6.00,30.00,560.00,1990.000000,3.000000,1.000000,2012.000000,6.000000,30.000000,"South Africa",710.00,"ZA","ZAF",1990-03-01,7999-12-31,0.00
"Swaziland",17179.417560,"Mbabane",31.13333000000,-26.31667000000,167.00,572.00,1968.00,9.00,6.00,2012.00,6.00,30.00,572.00,1968.000000,9.000000,6.000000,2012.000000,6.000000,30.000000,"Swaziland",748.00,"SZ","SWZ",1968-09-06,7999-12-31,0.00
"Angola",1254965.955820,"Luanda",13.23444000000,-8.83833300000,168.00,540.00,1975.00,11.00,11.00,2012.00,6.00,30.00,540.00,1975.000000,11.000000,11.000000,2012.000000,6.000000,30.000000,"Angola",24.00,"AO","AGO",1975-11-11,7999-12-31,0.00
"Congo",346333.853886,"Brazzaville",15.28472000000,-4.25916700000,169.00,484.00,1960.00,8.00,15.00,2012.00,6.00,30.00,484.00,1960.000000,8.000000,15.000000,2012.000000,6.000000,30.000000,"Congo",178.00,"CG","COG",1960-08-15,7999-12-31,0.00
"Congo, DRC",2342042.844560,"Kinshasa",15.31500000000,-4.32972200000,170.00,490.00,1960.00,6.00,30.00,2012.00,6.00,30.00,490.00,1960.000000,6.000000,30.000000,2012.000000,6.000000,30.000000,"Congo, Democratic Republic of the",180.00,"CD","COD",1960-06-30,7999-12-31,0.00
"Fiji",18172.865629,"Suva",178.41670000000,-18.13333000000,171.00,950.00,1970.00,10.00,10.00,2012.00,6.00,30.00,950.00,1970.000000,10.000000,10.000000,2012.000000,6.000000,30.000000,"Fiji",242.00,"FJ","FJI",1970-10-10,7999-12-31,0.00
"Gabon",262447.341739,"Libreville",9.45000000000,0.38333330000,172.00,481.00,1960.00,8.00,17.00,2012.00,6.00,30.00,481.00,1960.000000,8.000000,17.000000,2012.000000,6.000000,30.000000,"Gabon",266.00,"GA","GAB",1960-08-17,7999-12-31,0.00
"Namibia",828714.948494,"Windhoek",17.08361000000,-22.57000000000,173.00,565.00,1990.00,3.00,21.00,2012.00,6.00,30.00,565.00,1990.000000,3.000000,21.000000,2012.000000,6.000000,30.000000,"Namibia",516.00,"NA","NAM",1990-03-21,7999-12-31,0.00
"New Zealand",268943.318871,"Wellington",174.78330000000,-41.30000000000,174.00,920.00,1946.00,1.00,1.00,2012.00,6.00,30.00,920.00,1946.000000,1.000000,1.000000,2012.000000,6.000000,30.000000,"New Zealand",554.00,"NZ","NZL",1946-01-01,7999-12-31,0.00
"Madagascar",596098.591457,"Antananarivo",47.51667000000,-18.91667000000,175.00,580.00,1960.00,6.00,20.00,2012.00,6.00,30.00,580.00,1960.000000,6.000000,26.000000,2012.000000,6.000000,30.000000,"Madagascar",450.00,"MG","MDG",1960-06-26,7999-12-31,0.00
"Mauritius",2155.897139,"Port Louis",57.49889000000,-20.16195000000,176.00,590.00,1968.00,3.00,12.00,2012.00,6.00,30.00,590.00,1968.000000,3.000000,12.000000,2012.000000,6.000000,30.000000,"Mauritius",480.00,"MU","MUS",1968-03-12,7999-12-31,0.00
"Seychelles",380.172711,"Victoria",55.45000000000,-4.61666700000,177.00,591.00,1976.00,6.00,29.00,2012.00,6.00,30.00,591.00,1976.000000,6.000000,29.000000,2012.000000,6.000000,30.000000,"Seychelles",690.00,"SC","SYC",1976-06-29,7999-12-31,0.00
"Indonesia",1478049.028330,"Jakarta",106.82940000000,-6.17444400000,178.00,850.00,1949.00,12.00,27.00,1963.00,4.00,30.00,850.00,1945.000000,8.000000,17.000000,1963.000000,4.000000,30.000000,,0.00,,,1945-08-17,1963-04-03,0.00
"Timor Leste",15138.824026,"Dili",125.57360000000,-8.55861100000,179.00,860.00,2002.00,9.00,27.00,2012.00,6.00,30.00,860.00,2002.000000,5.000000,20.000000,2012.000000,6.000000,30.000000,"Timor-Leste",626.00,"TL","TLS",2002-05-20,7999-12-31,0.00
"Australia",7718924.696900,"Canberra",149.21670000000,-35.28333000000,180.00,900.00,1946.00,1.00,1.00,2012.00,6.00,30.00,900.00,1946.000000,1.000000,1.000000,2012.000000,6.000000,30.000000,"Australia",36.00,"AU","AUS",1946-01-01,7999-12-31,0.00
"Nauru",27.344461,"Yaren",166.91960000000,-0.54342500000,181.00,970.00,1999.00,9.00,14.00,2012.00,6.00,30.00,971.00,1968.000000,12.000000,31.000000,2012.000000,6.000000,30.000000,"Nauru",520.00,"NR","NRU",1968-12-31,7999-12-31,0.00
"Papua New Guinea",465827.907822,"Port Moresby",147.19250000000,-9.46472300000,182.00,910.00,1975.00,9.00,16.00,2012.00,6.00,30.00,910.00,1975.000000,9.000000,16.000000,2012.000000,6.000000,30.000000,"Papua New Guinea",598.00,"PG","PNG",1975-09-16,7999-12-31,0.00
"Solomon Is.",27157.469055,"Honiara",159.95000000000,-9.43333300000,183.00,940.00,1978.00,7.00,7.00,2012.00,6.00,30.00,940.00,1978.000000,7.000000,7.000000,2012.000000,6.000000,30.000000,"Solomon Islands",90.00,"SB","SLB",1978-07-07,7999-12-31,0.00
"Tuvalu",29.211666,"Funafuti",179.21670000000,-8.51666600000,184.00,947.00,2000.00,9.00,5.00,2012.00,6.00,30.00,973.00,1978.000000,10.000000,1.000000,2012.000000,6.000000,30.000000,"Tuvalu",798.00,"TV","TUV",1978-10-01,7999-12-31,0.00
"Vanuatu",12335.117670,"Port-Vila",168.31670000000,-17.73333000000,185.00,935.00,1981.00,9.00,15.00,2012.00,6.00,30.00,935.00,1980.000000,6.000000,30.000000,2012.000000,6.000000,30.000000,"Vanuatu",548.00,"VU","VUT",1980-06-30,7999-12-31,0.00
"Canada",9923995.405150,"Ottawa",-75.69000000000,45.42083000000,186.00,20.00,1948.00,7.00,1.00,2012.00,6.00,30.00,20.00,1948.000000,7.000000,1.000000,2012.000000,6.000000,30.000000,"Canada",124.00,"CA","CAN",1948-07-01,7999-12-31,0.00
"Germany",356448.186123,"Berlin",13.40000000000,52.51667000000,187.00,255.00,1990.00,10.00,3.00,2012.00,6.00,30.00,260.00,1990.000000,10.000000,3.000000,2012.000000,6.000000,30.000000,"Germany",276.00,"DE","DEU",1990-10-03,7999-12-31,0.00
"Germany Federal Republic",247366.383710,"Bonn",7.10000000000,50.73333000000,188.00,260.00,1955.00,5.00,5.00,1990.00,10.00,2.00,260.00,1949.000000,9.000000,21.000000,1990.000000,10.000000,2.000000,"Germany, Federal Republic of",280.00,"DE","DEU",1949-09-21,1990-10-02,0.00
"Germany Democratic Republic",109081.236269,"Berlin",13.40000000000,52.51667000000,189.00,265.00,1954.00,3.00,25.00,1990.00,10.00,2.00,265.00,1949.000000,10.000000,5.000000,1990.000000,10.000000,2.000000,"German Democratic Republic",278.00,"DD","DDR",1949-10-05,1990-10-02,0.00
"Czechoslovakia",127553.131842,"Prague",14.46667000000,50.08333000000,190.00,315.00,1946.00,1.00,1.00,1992.00,12.00,31.00,315.00,1946.000000,1.000000,1.000000,1992.000000,12.000000,31.000000,"Czechoslovakia",200.00,"CS","CSK",1946-01-01,1992-12-03,0.00
"Yugoslavia",255286.979077,"Belgrade",20.46806000000,44.81861000000,191.00,345.00,1946.00,1.00,1.00,1992.00,1.00,14.00,345.00,1946.000000,1.000000,1.000000,1991.000000,11.000000,19.000000,"Yugoslavia, Socialist Federal Republic of",890.00,"YU","YUG",1946-01-01,1991-11-01,0.00
"USSR",22008906.472500,"Moscow",37.61555000000,55.75222000000,192.00,365.00,1946.00,1.00,1.00,1991.00,9.00,5.00,365.00,1946.000000,1.000000,1.000000,1991.000000,9.000000,5.000000,"Union of Soviet Socialist Republics",810.00,"SU","SUN",1946-01-01,1991-09-05,0.00
"Zanzibar",2632.472947,"Zanzibar City",39.18333000000,-6.16666700000,194.00,511.00,1963.00,12.00,19.00,1964.00,4.00,26.00,511.00,1963.000000,12.000000,19.000000,1964.000000,4.000000,26.000000,,0.00,,,1963-12-19,1964-04-26,0.00
"Ethiopia",1256378.696280,"Addis Ababa",38.70000000000,9.03333300000,195.00,530.00,1946.00,1.00,1.00,1993.00,5.00,22.00,530.00,1946.000000,1.000000,1.000000,1993.000000,5.000000,23.000000,"Ethiopia",230.00,"ET","ETH",1946-01-01,1993-05-23,0.00
"South Africa",2053300.745890,"Pretoria",28.22944000000,-25.70694000000,196.00,560.00,1946.00,1.00,1.00,1990.00,2.00,28.00,560.00,1946.000000,1.000000,1.000000,1990.000000,2.000000,28.000000,"South Africa",710.00,"ZA","ZAF",1946-01-01,1990-02-28,0.00
"Egypt",1002473.978440,"Cairo",31.25000000000,30.05000000000,197.00,651.00,1961.00,9.00,1.00,1967.00,5.00,31.00,-1.00,-1.000000,-1.000000,-1.000000,-1.000000,-1.000000,-1.000000,,0.00,,,1961-09-01,1967-05-31,0.00
"Syria",188436.319945,"Damascus",36.30000000000,33.50000000000,198.00,652.00,1961.00,9.00,29.00,1967.00,5.00,31.00,-1.00,-1.000000,-1.000000,-1.000000,-1.000000,-1.000000,-1.000000,,0.00,,,1961-09-29,1967-05-31,0.00
"Egypt (United Arab Republic)",1190910.298380,"Cairo",31.25000000000,30.05000000000,199.00,651.00,1958.00,2.00,1.00,1961.00,8.00,31.00,-1.00,-1.000000,-1.000000,-1.000000,-1.000000,-1.000000,-1.000000,,0.00,,,"02/31/1958",1961-08-31,0.00
"Yemen Arab Republic",137077.141408,"Sana'a",44.18333000000,15.28333000000,200.00,678.00,1946.00,1.00,1.00,1990.00,5.00,21.00,678.00,1946.000000,1.000000,1.000000,1990.000000,5.000000,21.000000,"Yemen",886.00,"YE","YEM",1946-01-01,1990-05-21,0.00
"Yemen People's Republic",289055.344350,"Aden",45.03667000000,12.77944000000,201.00,680.00,1967.00,11.00,30.00,1990.00,5.00,21.00,680.00,1967.000000,11.000000,30.000000,1990.000000,5.000000,21.000000,"Democratic Yemen",720.00,"YD","YMD",1967-11-30,1990-05-21,0.00
"Taiwan",36184.053563,"Taipei",121.52500000000,25.03917000000,202.00,713.00,1949.00,12.00,8.00,2012.00,6.00,30.00,713.00,1949.000000,12.000000,8.000000,2012.000000,6.000000,30.000000,"Taiwan, Province of China",158.00,"TW","TWN",1949-12-08,7999-12-31,0.00
"China",9388505.692870,"Beijing",116.38830000000,39.92889000000,203.00,710.00,1949.00,12.00,1.00,2012.00,6.00,30.00,710.00,1949.000000,12.000000,1.000000,2012.000000,6.000000,30.000000,"China",156.00,"CN","CHN",1949-12-01,7999-12-31,0.00
"Pakistan",1017998.225270,"Islamabad",73.16666000000,33.70000000000,204.00,770.00,1949.00,1.00,1.00,1971.00,11.00,30.00,770.00,1949.000000,1.000000,1.000000,1971.000000,11.000000,30.000000,,0.00,,,1949-01-01,1971-11-30,0.00
"Republic of Vietnam",170073.211147,"Saigon",106.66670000000,10.75000000000,205.00,817.00,1954.00,6.00,4.00,1975.00,4.00,30.00,817.00,1954.000000,5.000000,1.000000,1975.000000,4.000000,30.000000,"Republic of Viet Nam",714.00,"VN","VNM",1954-05-01,1975-04-30,0.00
"Vietnam",155964.801920,"Hanoi",105.85000000000,21.03333000000,206.00,816.00,1954.00,7.00,21.00,1975.00,3.00,31.00,816.00,1954.000000,5.000000,1.000000,1975.000000,3.000000,31.000000,"Democratic Republic of Viet-Nam",704.00,"VD","VDR",1954-05-01,1975-03-31,0.00
"Malaysia",331246.371802,"Kuala Lumpur",101.70000000000,3.16666700000,207.00,820.00,1963.00,10.00,1.00,1965.00,7.00,31.00,820.00,1963.000000,10.000000,1.000000,1965.000000,7.000000,31.000000,,0.00,,,1963-10-01,1965-07-31,0.00
"Malaysia",132392.827233,"Kuala Lumpur",101.70000000000,3.16666700000,208.00,820.00,1957.00,8.00,31.00,1963.00,9.00,30.00,820.00,1957.000000,8.000000,31.000000,1963.000000,9.000000,30.000000,,0.00,,,1957-08-31,1963-09-30,0.00
"Malaysia",330691.511322,"Kuala Lumpur",101.70000000000,3.16666700000,209.00,820.00,1965.00,8.00,1.00,2012.00,6.00,30.00,820.00,1965.000000,8.000000,1.000000,2012.000000,6.000000,30.000000,"Malaysia",458.00,"MY","MYS",1965-08-01,7999-12-31,0.00
"Singapore",554.860481,"Singapore City",103.85580000000,1.29305600000,210.00,830.00,1965.00,8.00,9.00,2012.00,6.00,30.00,830.00,1965.000000,8.000000,9.000000,2012.000000,6.000000,30.000000,"Singapore",702.00,"SG","SGP",1965-08-09,7999-12-31,0.00
"Indonesia",1890541.851490,"Jakarta",106.82940000000,-6.17444400000,211.00,850.00,1963.00,5.00,1.00,1976.00,6.00,30.00,850.00,1963.000000,5.000000,1.000000,1976.000000,6.000000,30.000000,"Indonesia",360.00,"ID","IDN",1963-05-01,1976-06-30,0.00
"Indonesia",1905680.675520,"Jakarta",106.82940000000,-6.17444400000,212.00,850.00,1976.00,7.00,1.00,2002.00,9.00,26.00,850.00,1976.000000,7.000000,1.000000,2002.000000,5.000000,19.000000,"Indonesia",360.00,"ID","IDN",1976-07-01,2002-05-19,0.00
"Indonesia",1890541.851490,"Jakarta",106.82940000000,-6.17444400000,213.00,850.00,2002.00,9.00,27.00,2012.00,6.00,30.00,850.00,2002.000000,5.000000,20.000000,2012.000000,6.000000,30.000000,"Indonesia",360.00,"ID","IDN",2002-05-20,7999-12-31,0.00
"Mali Federation",1456367.074470,"Bamako",-4.45000000000,10.55000000000,214.00,432.00,1960.00,6.00,20.00,1960.00,7.00,31.00,432.00,1960.000000,6.000000,20.000000,1960.000000,7.000000,31.000000,,0.00,,,1960-06-20,1960-07-31,0.00
"Cameroon",425857.301369,"Yaounde",11.51667000000,3.86666700000,215.00,471.00,1960.00,1.00,1.00,1961.00,9.00,30.00,471.00,1960.000000,1.000000,1.000000,1961.000000,9.000000,30.000000,,0.00,,,1960-01-01,1961-09-30,0.00
"Nigeria",867986.036104,"Abuja",7.53333300000,9.08333300000,216.00,475.00,1960.00,10.00,1.00,1961.00,5.00,31.00,475.00,1960.000000,10.000000,1.000000,1961.000000,5.000000,31.000000,,0.00,,,1960-10-01,1961-05-31,0.00
"Libya",1741136.624850,"Tripoli",13.18000000000,32.89250000000,217.00,620.00,1973.00,1.00,1.00,2012.00,6.00,30.00,620.00,1973.000000,1.000000,1.000000,2012.000000,6.000000,30.000000,"Libyan Arab Jamahiriya",434.00,"LY","LBY",1973-01-01,7999-12-31,0.00
"Chad",1161920.147630,"N'Djamena",15.21667000000,11.71667000000,218.00,483.00,1973.00,1.00,1.00,2012.00,6.00,30.00,483.00,1973.000000,1.000000,1.000000,2012.000000,6.000000,30.000000,"Chad",148.00,"TD","TCD",1973-01-01,7999-12-31,0.00
"Morocco",404454.140456,"Rabat",-6.83000000000,34.02000000000,219.00,600.00,1958.00,4.00,1.00,1976.00,3.00,31.00,600.00,1958.000000,4.000000,1.000000,1976.000000,3.000000,31.000000,"Morocco",504.00,"MA","MAR",1958-04-01,1976-03-31,0.00
"Morocco",576351.801160,"Rabat",-6.83000000000,34.02000000000,220.00,600.00,1976.00,4.00,1.00,1979.00,8.00,4.00,600.00,1976.000000,4.000000,1.000000,1979.000000,8.000000,4.000000,"Morocco",504.00,"MA","MAR",1976-04-01,1979-08-04,0.00
"Mauritania",1142045.832910,"Nouakchott",-16.04056000000,18.11944000000,221.00,435.00,1976.00,4.00,1.00,1979.00,8.00,4.00,435.00,1976.000000,4.000000,1.000000,1979.000000,8.000000,4.000000,"Mauritania",478.00,"MR","MRT",1976-04-01,1979-08-04,0.00
"Israel",28159.600543,"Jerusalem",35.22361000000,31.77917000000,222.00,666.00,1979.00,5.00,1.00,2012.00,6.00,30.00,666.00,1979.000000,5.000000,1.000000,2012.000000,6.000000,30.000000,"Israel",376.00,"IL","ISR",1979-05-01,7999-12-31,0.00
"Israel",88932.215123,"Jerusalem",35.22361000000,31.77917000000,223.00,666.00,1967.00,6.00,1.00,1979.00,4.00,30.00,666.00,1967.000000,6.000000,1.000000,1979.000000,4.000000,30.000000,"Israel",376.00,"IL","ISR",1967-06-01,1979-04-30,0.00
"Syria",187318.011221,"Damascus",36.30000000000,33.50000000000,224.00,652.00,1967.00,6.00,1.00,2012.00,6.00,30.00,652.00,1967.000000,6.000000,1.000000,2012.000000,6.000000,30.000000,"Syrian Arab Republic",760.00,"SY","SYR",1967-06-01,7999-12-31,0.00
"Egypt",941702.026033,"Cairo",31.25000000000,30.05000000000,225.00,651.00,1967.00,6.00,1.00,1979.00,4.00,30.00,651.00,1967.000000,6.000000,1.000000,1979.000000,4.000000,30.000000,"Egypt",818.00,"EG","EGY",1967-06-01,1979-04-30,0.00
"Egypt",1002473.978440,"Cairo",31.25000000000,30.05000000000,226.00,651.00,1979.00,5.00,1.00,2012.00,6.00,30.00,651.00,1979.000000,5.000000,1.000000,2012.000000,6.000000,30.000000,"Egypt",818.00,"EG","EGY",1979-05-01,7999-12-31,0.00
"India",3166803.188580,"New Delhi",77.20000000000,28.60000000000,227.00,750.00,1949.00,1.00,1.00,2012.00,6.00,30.00,750.00,1949.000000,1.000000,1.000000,2012.000000,6.000000,30.000000,"India",356.00,"IN","IND",1949-01-01,7999-12-31,0.00
"Pakistan",936135.398004,"Islamabad",73.16666000000,33.70000000000,228.00,770.00,1947.00,8.00,14.00,1948.00,12.00,31.00,770.00,1947.000000,8.000000,14.000000,1948.000000,12.000000,31.000000,,0.00,,,1947-08-14,1948-12-31,0.00
"India",3060680.755940,"New Delhi",77.20000000000,28.60000000000,229.00,750.00,1947.00,8.00,15.00,1948.00,12.00,31.00,750.00,1947.000000,8.000000,15.000000,1948.000000,12.000000,31.000000,,0.00,,,1947-08-15,1948-12-31,0.00
"Yugoslavia",178982.251352,"Belgrade",20.46806000000,44.81861000000,230.00,345.00,1992.00,1.00,15.00,1992.00,4.00,6.00,-1.00,-1.000000,-1.000000,-1.000000,-1.000000,-1.000000,-1.000000,"Yugoslavia, Socialist Federal Republic of",890.00,"YU","YUG",1992-01-15,1992-04-06,0.00
"Serbia and Montenegro",101961.083314,"Belgrade",20.46806000000,44.81861000000,231.00,345.00,1993.00,4.00,8.00,2006.00,6.00,11.00,345.00,1992.000000,4.000000,27.000000,2006.000000,6.000000,2.000000,"Serbia and Montenegro",891.00,"CS","SCG",1992-04-27,2006-06-02,0.00
"USSR",21833788.144100,"Moscow",37.61555000000,55.75222000000,232.00,365.00,1991.00,9.00,6.00,1991.00,12.00,25.00,365.00,1991.000000,9.000000,6.000000,1991.000000,12.000000,20.000000,"Union of Soviet Socialist Republics",810.00,"SU","SUN",1991-09-06,1991-12-20,0.00
"Yugoslavia",127444.276526,"Belgrade",20.46806000000,44.81861000000,233.00,345.00,1992.00,4.00,7.00,1993.00,4.00,7.00,-1.00,-1.000000,-1.000000,-1.000000,-1.000000,-1.000000,-1.000000,"Yugoslavia, Socialist Federal Republic of",890.00,"YU","YUG",1992-04-07,1993-04-07,0.00
"Serbia",87939.187504,"Belgrade",20.46806000000,44.81861000000,234.00,345.00,2006.00,6.00,12.00,2008.00,2.00,19.00,340.00,2006.000000,6.000000,3.000000,2008.000000,2.000000,16.000000,"Serbia",688.00,"RS","SRB",2006-06-03,2008-02-16,0.00
"Montenegro",14021.895954,"Podgorica",19.26361000000,42.44111000000,235.00,341.00,2006.00,6.00,12.00,2012.00,6.00,30.00,341.00,2006.000000,6.000000,3.000000,2012.000000,6.000000,30.000000,"Montenegro",499.00,"ME","MNE",2006-06-03,7999-12-31,0.00
"Kosovo",10737.527503,"Pristina",21.16667000000,42.66667000000,236.00,347.00,2008.00,2.00,20.00,2012.00,6.00,30.00,347.00,2008.000000,2.000000,17.000000,2012.000000,6.000000,30.000000,"Kosovo",381.00,"CS","SCG",2008-02-17,7999-12-31,0.00
"Serbia",77201.660151,"Belgrade",20.46806000000,44.81861000000,237.00,345.00,2008.00,2.00,20.00,2012.00,6.00,30.00,340.00,2008.000000,2.000000,17.000000,2012.000000,6.000000,30.000000,"Serbia",688.00,"RS","SRB",2008-02-17,7999-12-31,0.00
"United States",9468306.220160,"Washington",-77.03667000000,38.89500000000,238.00,2.00,1946.00,1.00,1.00,2012.00,6.00,30.00,2.00,1946.000000,1.000000,1.000000,2012.000000,6.000000,30.000000,"United States",840.00,"US","USA",1946-01-01,7999-12-31,0.00
"Uganda",243702.806282,"Kampala",32.56556000000,0.31555560000,59.00,500.00,1962.00,10.00,9.00,2012.00,6.00,30.00,500.00,1962.000000,10.000000,9.000000,2012.000000,6.000000,30.000000,"Uganda",800.00,"UG","UGA",1962-10-09,7999-12-31,0.00
"Tanzania",947555.660283,"Dar es Salaam",39.28333000000,-6.80000000000,159.00,510.00,1964.00,4.00,1.00,1996.00,1.00,31.00,510.00,1964.000000,4.000000,1.000000,1996.000000,1.000000,31.000000,"Tanzania, United Republic of",834.00,"TZ","TZA",1964-04-01,1996-01-31,0.00
"Kenya",585730.013409,"Nairobi",36.81667000000,-1.28333300000,157.00,501.00,1963.00,12.00,12.00,2012.00,6.00,30.00,501.00,1963.000000,12.000000,12.000000,2012.000000,6.000000,30.000000,"Kenya",404.00,"KE","KEN",1963-12-12,7999-12-31,0.00
"Tanzania",944923.187336,"Dar es Salaam",39.28333000000,-6.80000000000,193.00,510.00,1961.00,12.00,9.00,1964.00,3.00,31.00,510.00,1961.000000,12.000000,9.000000,1964.000000,3.000000,31.000000,,0.00,,,1961-12-09,1964-03-31,0.00
"Saudi Arabia",1963227.284060,"Riyadh",46.77278000000,24.64083000000,239.00,670.00,1946.00,1.00,1.00,2000.00,6.00,11.00,670.00,1946.000000,1.000000,1.000000,2000.000000,6.000000,11.000000,"Saudi Arabia",682.00,"SA","SAU",1946-01-01,2000-06-11,0.00
"Yemen",426132.485757,"Sana'a",44.18333000000,15.28333000000,240.00,679.00,1990.00,5.00,22.00,2000.00,6.00,11.00,678.00,1990.000000,5.000000,22.000000,2000.000000,6.000000,11.000000,"Yemen",887.00,"YE","YEM",1990-05-22,2000-06-11,0.00
"Brazil",8523619.571450,"Rio de Janeiro",-43.19640000000,-22.90830000000,241.00,140.00,1946.00,1.00,1.00,1960.00,4.00,20.00,140.00,1946.000000,1.000000,1.000000,1960.000000,4.000000,20.000000,,0.00,,,1946-01-01,1960-04-20,0.00
"Tanzania",947555.660283,"Dodoma",35.74190000000,-6.17300000000,242.00,510.00,1996.00,2.00,1.00,2012.00,6.00,30.00,510.00,1996.000000,2.000000,1.000000,2012.000000,6.000000,30.000000,"Tanzania, United Republic of",834.00,"TZ","TZA",1996-02-01,7999-12-31,0.00
"Morocco",674614.242721,"Rabat",-6.83000000000,34.02000000000,243.00,600.00,1979.00,8.00,5.00,2012.00,6.00,30.00,600.00,1979.000000,8.000000,5.000000,2012.000000,6.000000,30.000000,"Morocco",504.00,"MA","MAR",1979-08-05,7999-12-31,0.00
"Mauritania",1043783.427470,"Nouakchott",-16.04056000000,18.11944000000,244.00,435.00,1979.00,8.00,5.00,2012.00,6.00,30.00,435.00,1979.000000,8.000000,5.000000,2012.000000,6.000000,30.000000,"Mauritania",478.00,"MR","MRT",1979-08-05,7999-12-31,0.00
"Sudan",1870245.089890,"Khartoum",32.53417000000,15.58806000000,245.00,625.00,2011.00,7.00,9.00,2012.00,6.00,30.00,625.00,2011.000000,7.000000,9.000000,2012.000000,6.000000,30.000000,"Sudan",729.00,"SD","SDN",2011-07-09,7999-12-31,0.00
"South Sudan",631411.105296,"Juba",31.60000000000,4.85000000000,246.00,626.00,2011.00,7.00,9.00,2012.00,6.00,30.00,626.00,2011.000000,7.000000,9.000000,2012.000000,6.000000,30.000000,"South Sudan",728.00,"SS","SSD",2011-07-09,7999-12-31,0.00
"Yugoslavia",229803.800000,"Belgrade",20.46806000000,44.81861000000,247.00,-1.00,-1.00,-1.00,-1.00,-1.00,-1.00,-1.00,345.00,1991.000000,11.000000,20.000000,1992.000000,4.000000,26.000000,"Yugoslavia, Socialist Federal Republic of",890.00,"YU","YUG",1991-11-20,1992-04-26,83286.00
"Brittish Somaliland",13.470000,"Hargeisa",44.50000000000,10.00000000000,248.00,-1.00,-1.00,-1.00,-1.00,-1.00,-1.00,-1.00,-1.00,-1.000000,-1.000000,-1.000000,-1.000000,-1.000000,-1.000000,,0.00,,,1920-01-01,1960-06-26,662653.00
